小間番号,出展会社名,出展会社名カナ,表示名,表示名カナ
101,株式会社KARZ,カーズ,KARZ,カーズ
638,株式会社エーエスジャパン,エーエスジャパン,ALESS/ROZEL,アレスロゼル
853,宮城トヨタ自動車株式会社,ミヤギトヨタジドウシャカブシキガイシャ,MTG宮城トヨタ,エムティージーミヤギトヨタ
257,有限会社ケーファクトリー,ケーファクトリー,AEROOVER,エアロオーバー
468,SPEEDFORME,スピードフォルム,SPEEDFORME,スピードフォルム
609,M'zSPEED,エムズスピード,M'z SPEED,エムズスピード
212,株式会社アイロック,アイロック,T3R Simulator,ティースリーアールシミュレーター
521,株式会社コーヨーラド,コーヨーラド,KOYORAD,コーヨーラド
602,Spark Japan株式会社,スパークジャパン,Spark Model,スパークモデル
256,株式会社CSオートディーラー,シーエスオートディーラー,株式会社CSオートディーラー,シーエスオートディーラー
258,エアロオーバー,エアロオーバー,K-FACTORY,ケーファクトリー
464,株式会社ワークス,ワークス,ワークス,ワークス
415,スピードマスター　株式会社,スピードマスター,スピードマスター,スピードマスター
621,有限会社エムエムピー,エムエムピー,EBBRO,エブロ
457,学校法人　小倉学園　専門学校　群馬自動車大学校,オグラガクエン　センモンガッコウ　グンマジドウシャダイガッコウ,GAUS 群馬自動車大学校,ガウス　グンマジドウシャダイガッコウ
619,シンコー株式会社,シンコー,CARICH,カリッチ
118,有限会社エーアンドエーインターナショナル,エーアンドエーインターナショナル,BANZAISPORTS AVUS,バイザイスポーツ　アーヴス
123,芝ライニングジャパン株式会社,シバライニングジャパン,芝ライニングジャパン株式会社,シバライニングジャパン
453,株式会社ストーク,ストーク,GIBSON,ギブソン
430,株式会社エーゼット,エーゼット,エーゼット,エーゼット
559,CLEIB,クレイブ,CLEIB,クレイブ
417,ニューアークス株式会社,ニューアークス,ニューアークス,ニューアークス
702,学校法人トヨタ東京整備学園　専門学校トヨタ東京自動車大学校,トヨタトウキョウセイビガクエン　トヨタトウキョウジドウシャダイガッコウ,トヨタ東京自動車大学校,トヨタトウキョウジドウシャダイガッコウ
633,株式会社KEEP,キープ,leaf auto custom,リーフ　オート　カスタム
422,エルドオートサービス有限会社,エルドオートサービス,EULT&hp;ドライブレコーダー,エルトアンドエイチピー
214,株式会社　橋本コーポレーション,ハシモトコーポレーション,株式会社 橋本コーポレーション,ハシモトコーポレーション
759,株式会社ミラコラーレ,ミラコラーレ,ミラコラーレ,ミラコラーレ
261,株式会社　橋本コーポレーション,ハシモトコーポレーション,T.R.A KYOTO,ティアールエイキョウト
259,NEUTRALE,ニュートレイル,NEUTRALE,ニュートレイル
215,株式会社新潟自動車工業,ニイガタジドウシャコウギョウ,Vehicle Line / GP SPORTS,ビークルラインジーピースポーツ
406,株式会社326POWER,ミツルパワー,326POWER,ミツルパワー
504,株式会社ダブリュ・エフ・エヌ,ダブリュエフエヌ,SEV,セブ
519,有限会社ビーンズ,ビーンズ,7th E-life by CRAFTPLUS,セブンス　イー　ライフ　バイ　クラフトプラス
402,有限会社フォレスト,フォレスト,FOREST,フオレスト
452,学校法人小倉学園　専門学校東京自動車大学校,トウキョウジドウシャダイガッコウ,東京自動車大学校,トウキョウジドウシャダイガッコウ
251,CIRCUS　PROJECT,サーカスプロジェクト,SANCTUARY (CIRCUS PROJECT),サンクチュアリ
410,株式会社URAS,ユーラス,URAS secret garage,ユーラスシークレットガレージ
632,株式会社Zeknova Japan販売,ゼクノーバジャパンハンバイ,Zeknova Japan,ゼクノーバジャパン
555,有限会社イバフル,イバフル,DUCKS-GARDEN,ダックスガーデン
425,学校法人　日栄学園,ニチエイガクエン,NATS 日本自動車大学校,ナッツ　ニホンジドウシャダイガッコウ
620,株式会社カーアンドレジャーニュース,カーアンドレジャーニュース,週刊Car&レジャー,シュウカンカーアンドレジャー
558,エニーズ・インターナショナル,エニーズインターナショナル,エニーズ・インターナショナル,エニーズインターナショナル
628,星光産業株式会社,セイコウサンギョウ,AZUTO,アズート
155,株式会社オートエクゼ,オートエクゼ,株式会社オートエクゼ,オートエクゼ
551,株式会社ブロー,ブロー,BLOW,ブロー
810,アジア工業株式会社,アジアコウギョウカブシキガイシャ,Walter Wolf Racing,ウォルターウルフレーシング
419,DRJ株式会社,ディーアールジェイ,オートゲージ,オートゲージ
420,セルスター 工業株式会社,セルスターコウギョウ,セルスター 工業,セルスター
606,中央自動車工業株式会社,チュウオウジドウシャコウギョウ,中央自動車工業株式会社,チュウオウジドウシャコウギョウ
607,株式会社ABSSA ワンスマ事業部,アブッサ　ワンスマジギョウブ,HC GALLERY,エイチシーギャラリー
102,MotorParade,モーターパレード,MotorParade,モーターパレード
604,株式会社ディクセル,ディクセル,DIXCEL,ディクセル
403,株式会社ティーケーカンパニー,ティーケーカンパニー,イグニッションモデル,イグニッションモデル
204,日本特殊陶業株式会社,ニッポントクシュトウギョウカブシキガイシャ,NGKスパークプラグ,エヌジーケースパークプラグ
217,柴田自動車株式会社,シバタジドウシャ,SHIBATA / R31HOUSE,シバタ　アールサンイチハウス
603,ピッコリーナ,ピッコリーナ,ピッコリーナ,ピッコリーナ
516,株式会社ガレージ・ベリー,ガレージベリー,ガレージベリー,ガレージベリー
465,学校法人国際総合学園　国際情報工科自動車大学校,コクサイジョウホウコウカジドウシャダイガッコウ,WiZ 国際情報工科自動車大学校,コクサイジョウホウコウカジドウシャダイガッコウ
601,テクニックグループ株式会社,テクニックグループ,REWITEC,レヴィテック
605,PARTS.CO.JP株式会社,パーツシーオージェーピーカブシキガイシャ,P＠RTS.CO.JP,パーツシーオージェーピー
122,北京雅森国際展覧有限公司,ペキンマサモリコクサイテンランユウゲンコウシ,All in Tuning 2021,オールインチューニング
416,株式会社イーグルジャパン,イーグルジャパン,切文字屋,キリモジヤ
352,株式会社ESB,イーエスビー,CLS,シーエルエス
852,株式会社輪栄,リンエイ,輪栄,リンエイ
520,エーモン工業株式会社,エーモンコウギョウ,エーモン,エーモン
106,株式会社ブリッツ,ブリッツ,BLITZ,ブリッツ
433,インタープラン株式会社,インタープラン,インタープラン株式会社,インタープラン
301,アクシススタイリング株式会社,アクシススタイリング,アクシススタイリング,アクシススタイリング
253,合同会社　CARSTYLE,カースタイル,CARSTYLE,カースタイル
411,有限会社ビーエヌスポーツ,ビーエヌスポーツ,ビーエヌスポーツ,ビーエヌスポーツ
635,サンダーボルトジャパン,サンダーボルトジャパン,サンダーボルトチタニウム,サンダーボルトチタニウム
462,オートビビット,オートビビット,AUTO VIVID,オートビビット
701,学校法人佐藤栄学園　埼玉自動車大学校,サイタマジドウシャダイガッコウ,埼玉自動車大学校,サイタマジドウシャダイガッコウ
202,株式会社プロ・フィット　スポーティング,プロフィット　スポーティング,EURO SPORTS,ユーロスポーツ
503,KEN-1 HAYASHIBE Car Illustration,ケンイチ　ハヤシベ　カーイラストレーション,KEN-1 HAYASHIBE Car Illustration,ケンイチ　ハヤシベ　カーイラストレーション
426,GORDONエンタープライズ株式会社,ゴードンエンタープライズカブシキガイシャ,GORDON,ゴードン
332,有限会社オカダエンタープライズ,オカダエンタープライズ,OEP222,オーイーピー
356,合同会社ガレージ力パワークリエイト,ガレージチカラパワークリエイト,garage力＆CSO,ガレージチカラアンドシーエスオー
460,株式会社ジェイクラブ,ジェイクラブ,LEGANCE,レガンス
557,株式会社Forest Auto,フォレストオート,フォレスト・オート・ファクトリー（FAF）,フォレストオートファクトリー
255,合同会社クルマドーカスタムファクトリー,クルマドーカスタムファクトリー,クルマドーカスタムファクトリー,クルマドーカスタムファクトリー
451,筑波研究学園専門学校,ツクバケンキュウガクエンセンモンガッコウ,筑波研究学園専門学校,ツクバケンキュウガクエンセンモンガッコウ
525,有限会社アヴァンツァーレ,アヴァンツァーレ,アヴァンツァーレ/ミヤビ/コースト/バッファローデザイ ン,アヴァンツァーレ　ミヤビ　コースト　バッファローデザイン
466,株式会社オートルビーズ,オートルビーズ,オート ルビーズ,オート　ルビーズ
623,有限会社　スペックプランニング,スペックプランニング,有限会社スペックプランニング,スペックプランニング
552,株式会社ジェーピー,ジェーピー,ジェーピー,ジェーピー
456,株式会社ブリング,ブリング,BodyLine,ボディライン
626,株式会社オートプロデュースA3,オートプロデュースエースリー,AGRESS  オートプロデュースＡ３,アグレス　オートプロデュースエースリー
105,藤壺技研工業株式会社,フジツボギケンコウギョウ,FUJITSUBO,フジツボ
413,株式会社ケイズ,ケイズ,株式会社ケイズ,ケイズ
429,株式会社ソフト９９コーポレーション,ソフトキュウキュウコーポレーション,ソフト99 コーポレーション,ソフトキュウキュウコーポレーション
329,HeartUpworld株式会社,ハートアップワールド,KOKORO,ココロ
625,有限会社　野口商会,ノグチショウカイ,BattleBeeRacing,バトルビーレーシング
653,株式会社T･S･D,ティーエスディー,TSD Styling T-STYLE AutoSales,ティーエスディースタイリングティースタイルオートセールス
614,株式会社エルティード,エルティード,L-TIDE,エルティード
723,コンパクト・ツール株式会社,コンパクトツール,コンパクト・ツール株式会社,コンパクトツール
634,有限会社ティ．エム．ワークス,ティエムワークス,T.M.WORKS/RaceChip/ProRacing,ティエムワークスレースチッププロレーシング
506,武蔵ホルト株式会社,ムサシホルト,Holts,ホルツ
461,株式会社アートワークス,アートワークス,ART WORKS,アートワークス
213,株式会社アップガレージ,アップガレージ,アップガレージ,アップガレージ
455,株式会社モデスト,モデスト,モデスト,モデスト
354,株式会社OGB International,オージービーインターナショナル,M's Machine Works,エムズマシンワークス
353,株式会社OGB International,オージービーインターナショナル,1048Style,テンフォーティースタイル
408,株式会社ブレイズ,ブレイズ,ブレイズ,ブレイズ
404,株式会社Kamiwaza-Japan,カミワザジャパン,ターマックワークス,ターマックワークス
121,有限会社　田辺鈑金,タナベバンキン,撥水道場,ハッスイドウジョウ
355,SELFISH,セルフィッシュ,SELFISH,セルフィッシュ
458,専門学校　静岡工科自動車大学校,シズオカコウカジドウシャダイガッコウ,専門学校静岡工科自動車大学校,シズオカコウカジドウシャダイガッコウ
431,株式会社クオリティーガレージ,クオリティーガレージ,MIRRORFUNCTION,ミラーファンクション
331,学校法人日産学園　日産愛知自動車大学校・日産京都自動車大学校,ニッサンガクエン　ニッサンアイチジドウシャダイガクコウ　ニッサンキョウトジドウシャダイガクコウ,日産愛知自動車大学校・日産京都自動車大学校,ニッサンアイチジドウシャダイガクコウ　ニッサンキョウトジドウシャダイガクコウ
637,有限会社アールズ,アールズ,アールズ,アールズ
153,株式会社Aquila,アクイラ,Aquila,アクイラ
624,株式会社美光商会,ビコウショウカイ,ふいるむ屋さん,フイルムヤサン
115,株式会社阿部商会,アベショウカイ,株式会社阿部商会,アベショウカイ
851,株式会社タイガーオート,タイガーオート,タイガーオート,タイガーオート
254,株式会社ほんだ塗装,ホンダトソウ,SPEC!,スペック
124,TOYO TIRE 株式会社,トーヨータイヤ,TOYO TIRES,トーヨータイヤ
754,ＥＵＲＯ,ユーロ,EURO,ユーロ
116,TOYO TIRE 株式会社,トーヨータイヤ,NITTO,ニットー
630,ロッキーオート,ロッキーオート,ロッキーオート,ロッキーオート
612,アルパインマーケティング株式会社,アルパインマーケティング,ALPINE STYLE,アルパインスタイル
119,株式会社エムエスワイガレージ,エムエスワイガレージ,M・S・Y garage,エムエスワイガレージ
726,株式会社ロブテックス,ロブテックス,LOBSTER TOOLS,ロブスターツールズ
407,ワイズスクウェア,ワイズスクウェア,WISESQUARE,ワイズスクウェア
526,ゼネラルモーターズ・ジャパン株式会社,ゼネラルモーターズ　ジャパン,キャデラック,キャデラック
806,富士スピードウェイ株式会社,フジスピードウェイ,富士スピードウェイ,フジスピードウェイ
622,株式会社ながおテクノ,ナガオテクノ,株式会社ながおテクノ,ナガオテクノ
333,有限会社アクティブ,アクティブ,ガレージアクティブ,ガレージアクティブ
405,株式会社エアージェイ,エアージェイ,エアージェイ,エアージェイ
728,株式会社サード,サード,SARD ADVICS,サード　アドヴィックス
803,株式会社　豊田自動織機,トヨタジドウショッキ,株式会社　豊田自動織機,トヨタジドウショッキ
104,日本自動車スポーツマフラー協会,ニホンジドウシャスポーツマフラーキョウカイ,日本自動車スポーツマフラー協会,ニホンジドウシャスポーツマフラーキョウカイ
409,有限会社ショウワガレージ,ショウワガレージ,ショウワガレージ,ショウワガレージ
467,有限会社フラッグス,フラッグス,オートフラッグス,オートフラッグス
809,株式会社ホンダアクセス,ホンダアクセス,ホンダアクセス,ホンダアクセス
756,STARCOK株式会社,スターコックカブシキガイシャ,スターコック株式会社,スターコックカブシキガイシャ
401,株式会社マッドマックス,マッドマックス,MADMAX,マッドマックス
854,ネッツトヨタ高崎株式会社,ネッツトヨタタカサキ,GTG GUNMA TOYOTA GROUP,ジーティージー　グンマトヨタグループ
855,群馬トヨタ自動車株式会社,グンマトヨタジドウシャ,GTG GUNMA TOYOTA GROUP,ジーティージー　グンマトヨタグループ
608,トタル・ルブリカンツ・ジャパン株式会社,トタルルブリカンツジャパンカブシキガイシャ,elf,エルフ
752,株式会社Fandot,ファンドット,Stompin'ark/Roncraft,ストンピンアークロンクラフト
654,有限会社ユーンコーポレーション　RANGERS,ユーンコーポレーション,RANGERS,レンジャース
760,株式会社 T.S.O,ティーエスオー,Reve Design,レーヴ　デザイン
427,株式会社アルネックス,アルネックス,ARTA,エーアールティーエー
804,株式会社トムス,トムス,トムス,トムス
509,晴香堂株式会社,ハルカドウ,SONAX,ソナックス
554,株式会社ルーフコーポレーション,ルーフコーポレーション,KUHLRACING JAPAN,クールレーシング　ジャパン
518,KUHLJAPAN株式会社,クールジャパン,KUHLRACING JAPAN,クールレーシング　ジャパン
523,ブレイントレーディング株式会社,ブレイントレーディング,CRYSTALEYE,クリスタルアイ
556,株式会社KITZ,キッツ,KITZ-RACING,キッツレーシング
424,住友ゴム工業株式会社,スミトモゴムコウギョウ,ダンロップ / ファルケン,ダンロップ　ファルケン
724,レカロ株式会社,レカロカブシキガイシャ,RECARO,レカロ
755,APR JAPAN,エーピーアールジャパン,APR JAPAN,エーピーアールジャパン
510,株式会社イチネンケミカルズ,イチネンケミカルズ,クリンビュー,クリンビュー
725,有限会社チェックショップ,チェックショップ,SprintersLife,スプリンターライフ
636,株式会社ナニワ,ナニワ,MDNマドンナ,エムディエヌマドンナ
805,埼玉トヨペット株式会社,サイタマトヨペットカブシキガイシャ,埼玉トヨペット,サイタマトヨペット
505,一般社団法人日本オートケミカル工業会,ニホンオートケミカルコウギョウカイ,「4月28日は洗車の日」,ヨイツヤハセンシャノヒ
553,株式会社シーザー,シーザー,Albermo feat. RaptorJapan,アルバーモ　フィート　ラプタージャパン
631,関東工業自動車大学校,カントウコウギョウジドウシャダイガクコウ,関東工業自動車大学校,カントウコウギョウジドウシャダイガクコウ
508,株式会社プロスタッフ,プロスタッフ,プロスタッフ,プロスタッフ
423,有限会社ライブラ,ライブラ,FINALKONNEXION/E-effect/+81LIKE,ファイナルコネクション　イーエフェクト　エイティワンライク
454,有限会社オグショー,オグショー,OGUshow,オグショー
720,株式会社スーパースポーツコレクション,スーパースポーツコレクション,SPASHAN/NOVITEC,スパシャンノビティック
801,エルシーアイ株式会社,エルシーアイ,LOTUS,ロータス
216,日本グッドイヤー株式会社,ニッポングッドイヤー,グッドイヤー,グッドイヤー
629,株式会社シーアールエス,シーアールエス,CRS/ESSEX,シーアールエスエセックス
317,バスク株式会社,バスクカブシキガイシャ,AirSafe,エアセーフ
421,株式会社広島マツダ,ヒロシママツダ,HM RACERS,エイチエムレーサーズ
218,日産自動車株式会社,ニッサンジドウシャ,日産自動車,ニッサンジドウシャ
753,株式会社バルトベーア,バルトベーア,バルトベーア,バルトベーア
511,株式会社サブロク,サブロク,360° サブロク,サブロク
108,株式会社オートバックス京葉,オートバックスケイヨウ,オートバックスグループ,オートバックスグループ
201,サンリッチジャパン株式会社,サンリッチジャパン,サンリッチジャパン,サンリッチジャパン
120,一般社団法人日本自動車連盟,ニホンジドウシャレンメイ,日本自動車連盟（JAF）,ニホンジドウシャレンメイ
463,学校法人　角川学園　専門学校　花壇自動車大学校,ツノカワガクエン　センモンガッコウ　カダンジドウシャダイガクコウ,花壇自動車大学校,カダンジドウシャダイガクコウ
428,株式会社オートバックスセブン,オートバックスセブン,GORDON MILLER,ゴードンミラー
627,株式会社ナカムラレーシングファクトリー,ナカムラレーシングファクトリー,ナカムラレーシングファクトリー,ナカムラレーシングファクトリー
703,有限会社くるまドットコム,クルマ　ドットコム,くるまドットコム,クルマ　ドットコム
856,株式会社ジャオス,ジャオス,JAOS / 株式会社ジャオス,ジャオス
656,株式会社エルティード,エルティード,L-TIDE,エルティード
514,株式会社エムクライム,エムクライム,エムクライム / Weed,エムクライム　ウィード
260,Spirit玲,スピリットレイ,Spirit玲,スピリットレイ
459,B-DASH,ビーダッシュ,B-DASH,ビーダッシュ
610,Scuderia46,スクーデリアフォーティーシックス,Scuderia46,スクーデリアフォーティーシックス
107,エンパイヤ自動車株式会社,エンパイヤジドウシャ,SPARCO,スパルコ
117,株式会社バリス,バリス,VARIS,バリス
807,株式会社トヨタカスタマイジング＆ディベロップメント,トヨタカスタマイジングアンドディベロップメント,TRD / MODELLISTA,ティーアールディーモデリスタ
751,株式会社バルーン,バルーン,Y-squared / QUAD STAR,ワイスクエアード　クアッドスター
414,有限会社ユキプランニング横浜事務所,ユキプランニングヨコハマジムショ,トドロキ★トモヒロ　乗り物絵師,トドロキトモヒロ　ノリモノエシ
302,株式会社アクセル,アクセル,株式会社アクセル,アクセル
109,株式会社エッチ・ケー・エス,エッチケーエス,エッチ・ケー・エス,エッチケーエス
611,株式会社ＫＣインターナショナル,ケーシーインターナショナル,KAMIKAZE COLLECTION,カミカゼコレクション
322,株式会社キャロッセ,キャロッセ,CUSCO,クスコ
323,株式会社キャロッセ,キャロッセ,CUSCO,クスコ
309,ブリッド株式会社,ブリッド,BRIDE,ブリッド
308,ブリッド株式会社,ブリッド,edirb,エディルブ
312,株式会社エンドレスアドバンス,エンドレスアドバンス,株式会社エンドレスアドバンス,エンドレスアドバンス
325,株式会社スマート,スマート,DTE SYSTEM smart,ディーティーイーシステムスマート
515,有限会社ジェットストローク,ジェットストローク,null-bar JAPAN / Airllen JAPAN,ヌルバージャパン　エアレンジャパン
330,アークトレーディング株式会社,アークトレーディング,JBT BRAKE SYSTEM,ジェイビーティーブレーキシステム
208,株式会社Kansaiサービス,カンサイサービス,Kansaiサービス,カンサイサービス
210,横浜ゴム株式会社,ヨコハマゴム,YOKOHAMA,ヨコハマ
207,株式会社プロジェクトミュー,プロジェクトミュー,プロジェクトミュー,プロジェクトミュー
209,横浜ゴム株式会社,ヨコハマゴム,横浜ゴム,ヨコハマゴム
205,株式会社東名　,トウメイ,LIBERAL/TbyTwo/Wellpine Motorsport,リベラル　ティーバイツー　ウェルパインモータースポーツ
103,株式会社オウルテック,オウルテック,オウルテック,オウルテック
761,株式会社TCW,ティーシーダブリュ,4LAWS / フロントランナー / OLD＆NEW / JUSTICE,フォーロウズ
651,株式会社hazard,ハザード,hazard,ハザード
507,株式会社ハンディ・クラウン,ハンディクラウン,株式会社ハンディ・クラウン,ハンディクラウン
722,NH Technology合同会社,エヌエイチテクノロジー,innowa (NH Technology),イノワ　エヌエイチテクノロジー
729,KeePer技研株式会社,キーパーギケンカブシキガイシャ,KeePer,キーパー
436,本田技研工業株式会社,ホンダギケンコウギョウ,Honda,ホンダ
351,株式会社フレックス・ドリーム,フレックスドリーム,フレックスドリーム,フレックスドリーム
524,株式会社スマートビジョン,スマートビジョン,Smart Vision,スマートビジョン
721,アストンマーティンジャパン合同会社,アストンマーティンジャパン,ASTON MARTIN,アストンマーティン
334,株式会社ブリヂストン,ブリヂストン,ブリヂストン,ブリヂストン
328,TONE株式会社,トネ,LOCK,ロック
313,株式会社エンドレスアドバンス,エンドレスアドバンス,株式会社エンドレスアドバンス（Ewig）,エンドレスアドバンスエーヴィッヒ
324,エムケーカシヤマ株式会社 ウィンマックスディビジョン,エムケーカシヤマ　ウィンマックスディビジョン,WinmaX,ウィンマックス
310,株式会社エンドレスアドバンス,エンドレスアドバンス,株式会社エンドレスアドバンス,エンドレスアドバンス
320,株式会社トライキッツ,トライキッツ,CARBON-izm,カーボンイズム
327,一般社団法人日本自動車用品・部品アフターマーケット振興会JAWA事業部,ニッポンジドウシャヨウヒンブヒンアフターマーケットシンコウカイジャワジギョウブ,一般社団法人日本自動車用品・部品アフターマーケット振興会JAWA事業部,ニッポンジドウシャヨウヒンブヒンアフターマーケットシンコウカイジヤワジギョウブ
319,株式会社オクヤマ,オクヤマ,株式会社オクヤマ,オクヤマ
206,株式会社ＴＲＵＳＴ,トラスト,TRUST,トラスト
315,株式会社デルタ,デルタ,DELTA Direct,デルタ　ダイレクト
314,株式会社アクレ,アクレ,ACRE＆SPIRIT,アクレアンドスピリット
211,株式会社BUSOU,ブソウ,BUSOU,ブソウ
326,一般社団法人日本自動用品・部品アフターマーケット振興会,ニッポンジドウシャヨウヒンブヒンアフターマーケットシンコウカイ,NAPAC&オートパーツの日,ナパック
412,株式会社ティーアンドイー,ティーアンドイー,VERTEX/Willcom,ヴェルテックス　ウイルコム
639,ダイハツ工業株式会社,ダイハツコウギョウ,ダイハツ,ダイハツ
111,有限会社アール・イーアメミヤ,アールイーアメミヤ,RE雨宮,アールイーアメミヤ
112,株式会社グループ・エム,グループエム,GruppeM,グループエム
203,株式会社カロッツェリアジャパン,カロッツェリアジャパン,OHLINS,オーリンズ
154,ＣＡＲ  ＭＯＤＩＦＹ  ＷＯＮＤＥＲ,カー　モディファイ　ワンダー,CAR MODIFY WONDER,カー　モディファイ　ワンダー
114,アイピーエフ株式会社,アイピーエフ,IPF,アイピーエフ
113,オートグラス株式会社グラスピット本部,オートグラスグラスピットホンブ,glass pit,グラスピット
151,有限会社アール・イーアメミヤ,アールイーアメミヤ,RE雨宮,アールイーアメミヤ
152,株式会社グループ・エム,グループエム,ロータリーエキシビジョン 2021,ロータリーエキシビジョンニセンジュウイチ
321,GTNET株式会社,ジーティーネット,GTNET,ジーティーネット
318,株式会社ワークスベル,ワークスベル,WorksBell,ワークスベル
513,有限会社ハーテリー,ハーテリー,(有)ハーテリー/(株)進光自動車,ハーテリー
307,株式会社シーアールケイ,シーアールケイ,TOY-FACTORY+K-ONE,トイファクトリーケーワン
306,共栄タイヤサービス株式会社,キョウエイタイヤサービス,TOY-FACTORY+K-ONE,トイファクトリーケーワン
305,Kei-Yオート株式会社,ケイワイオート,TOY-FACTORY+K-ONE,トイファクトリーケーワン
316,一般社団法人日本自動車用品・部品アフターマーケット振興会JAWA事業部,ニッポンジドウシャヨウヒンブヒンアフターマーケットシンコウカイ,NAPAC JAWA事業部,ナパックジャワジギョウブ
435,スタンレー電気株式会社,スタンレーデンキ,スタンレー電気株式会社,スタンレーデンキ
811,トヨタ自動車株式会社,トヨタジドウシャ,TOYOTA GAZOO Racing,トヨタガズーレーシング
719,スズキ株式会社,スズキ,スズキ株式会社,スズキ
652,株式会社セキハラ,セキハラ,SUXON RACING　,サクソンレーシング
727,株式会社ジーエムジー,ジーエムジー,GMG,ジーエムジー
757,Advance Eight,アドヴァンスエイト,Advance Eight Tokyo,アドヴァンスエイトトウキョウ
655,株式会社TEZZO,テッツォ,TEZZO,テッツォ
311,株式会社エンドレスアドバンス,エンドレスアドバンス,株式会社エンドレスアドバンス,エンドレスアドバンス
808,株式会社SUBARU,スバル,SUBARU/STI,スバルエスティーアイ
418,韋駄天株式会社,イダテン,AVO/MoTeC JAPAN,エイブイオー　モーテックジャパン
512,JASC日本オートスタイル協会,ジャスクニホンオートスタイルキョウカイ,JASC日本オートスタイル協会,ジャスクニホンオートスタイルキョウカイ
432,ガレージＫＭ１,ガレージケーエムワン,ガレージＫＭ１,ガレージケーエムワン
252,株式会社エートゥゼット,エートゥゼット,エートゥゼット,エートゥゼット
802,スタンレー電気株式会社,スタンレーデンキ,スタンレー電気株式会社,スタンレーデンキ
706,株式会社スクリーン,スクリーン,スクリーン＆D2ジャパン,スクリーンアンドディーツージャパン
705,有限会社ティー・ゲット,ティーゲット,t-get,ティーゲット
710,田中工業株式会社,タナカコウギョウ,ジュンオートメカニック,ジュンオートメカニック
711,有限会社ジーフォース,ジーフォース,Garage G-FORCE,ガレージ　ジーフォース
712,株式会社サブライブ,サブライブ　,株式会社サブライブ　CREWCH　Jetwake,サブライブ　クルウチ　ジェットウェイク
709,株式会社ＣＬＵＢ　ＲＨ９,クラブアールエイチナイン,CLUB-RH9チューンドPRO SHOPグループ,クラブアールエイチナインチューンドプロショップグループ　　　　　グループ
718,有限会社ウイング・タケオ,ウイングタケオ,WING TAKEO,ウイングタケオ
762,THANX株式会社,サンクス,THX&CO,サンクスアンドコー
709,株式会社ＣＬＵＢ　ＲＨ９,クラブアールエイチナイン,CLUB-RH9チューンドPRO SHOPグループ,クラブアールエイチナインチューンドプロショップグループ　　　　　グループ
708,株式会社トップフューエル,トップフューエル,トップフューエル＆零1000,トップフューエルアンドゼロセン
717,株式会社テーエムワークス,テーエムワークス,ＴＭワークス,ティーエムワークス
715,株式会社トップシークレット,トップシークレット,（株）トップシークレット,トップシークレット
715,株式会社トップシークレット,トップシークレット,（株）トップシークレット,トップシークレット
758,株式会社ブルームインターナショナル,ブルームインターナショナル,ROSSO OSAKA Factory本店,ロッソオオサカファクトリー
714,有限会社カーメイキング　レヴュー,カーメイキング　レヴュー,カーメイキングRevyou,カーメイキングレヴュー
716,有限会社エンドレス,エンドレス,(有)エンドレス,エンドレス
707,有限会社 カーステーション マルシェ,カーステーションマルシェ,カーステーション マルシェ,カーステーションマルシェ
704,有限会社佐藤商会,サトウショウカイ,RS PANTERA　有限会社サトウショウカイ,アールエスパンテーラ　ユウゲンガイシャ　サトウショウカイ
730,株式会社ホソカワコーポレーション,ホソカワコーポレーション,BOND GROUP & LAGER CORPORATION,ボンドグループ　アンド　ラガーコーポレーション
713,アートテック花塚,アートテックハナツカ,アートテック花塚,アートテックハナツカ
110,一般社団法人日本RV協会,ニホンアールブイキョウカイ,一般社団法人 日本RV協会,ニホンアールブイキョウカイ
